{"cameraMode":{"drawMode":0,"name":"Shaded","section":"Shading Mode"},"sceneLighting":true,"audioPlay":false,"sceneViewState":{"showFog":true,"showMaterialUpdate":false,"showSkybox":true,"showFlares":true,"showImageEffects":true,"showParticleSystems":true},"in2DMode":false,"pivot":{"x":7.875405311584473,"y":10.81667423248291,"z":-5.0367631912231449},"rotation":{"x":-0.021756470203399659,"y":-0.5376754403114319,"z":0.013880057260394097,"w":-0.8427613973617554},"size":5.072159290313721,"orthographic":false}