{"cameraMode":{"drawMode":0,"name":"Shaded","section":"Shading Mode"},"sceneLighting":true,"audioPlay":false,"sceneViewState":{"showFog":true,"showMaterialUpdate":false,"showSkybox":true,"showFlares":true,"showImageEffects":true,"showParticleSystems":true},"in2DMode":false,"pivot":{"x":14.517650604248047,"y":7.972860336303711,"z":-19.762310028076173},"rotation":{"x":-0.07030326128005982,"y":-0.9164299368858337,"z":0.18530753254890443,"w":-0.34777888655662539},"size":6.876173496246338,"orthographic":false}