{"cameraMode":{"drawMode":0,"name":"Shaded","section":"Shading Mode"},"sceneLighting":true,"audioPlay":false,"sceneViewState":{"showFog":true,"showMaterialUpdate":false,"showSkybox":false,"showFlares":true,"showImageEffects":true,"showParticleSystems":true},"in2DMode":false,"pivot":{"x":2.2954177856445314,"y":6.929999828338623,"z":-4.086423873901367},"rotation":{"x":0.1048271507024765,"y":0.8634167313575745,"z":0.20091433823108674,"w":-0.45085668563842776},"size":2.0808651447296144,"orthographic":false}