{"cameraMode":{"drawMode":0,"name":"Shaded","section":"Shading Mode"},"sceneLighting":false,"audioPlay":false,"sceneViewState":{"showFog":true,"showMaterialUpdate":false,"showSkybox":false,"showFlares":true,"showImageEffects":true,"showParticleSystems":true},"in2DMode":false,"pivot":{"x":7.360000133514404,"y":10.692000389099121,"z":-11.348999977111817},"rotation":{"x":-0.09634991735219956,"y":-0.6412809491157532,"z":0.0816265419125557,"w":-0.756897509098053},"size":0.2626849114894867,"orthographic":false}